requirement,label
"The system shall allow users to log in using multi-factor authentication within 3 seconds.",High
"The system shall encrypt all customer information using AES-256 encryption.",High
"The system shall generate monthly financial reports in PDF format.",High
"The system shall store employee records in a secure database.",High
"The system shall allow administrators to create user accounts.",High
"The system shall allow administrators to update user accounts.",High
"The system shall allow administrators to delete user accounts.",High
"The system shall process online payments within 5 seconds.",High
"The system shall validate email addresses before registration.",High
"The system shall provide OTP verification during password reset.",High
"The system shall maintain an audit log for every transaction.",High
"The system shall back up the database every 24 hours.",High
"The system shall allow customers to search products by category.",High
"The system shall allow customers to filter products by price.",High
"The system shall generate invoices after successful payment.",High
"The system shall notify users through email after registration.",High
"The system shall allow employees to update attendance records.",High
"The system shall restrict unauthorized access using role-based access control.",High
"The system shall authenticate users before granting access.",High
"The system shall allow customers to cancel orders before shipment.",High
"The system shall generate sales reports every week.",High
"The system shall allow students to register for courses online.",High
"The system shall allow teachers to upload assignments.",High
"The system shall allow students to download study materials.",High
"The system shall process search requests within 2 seconds.",High
"The system shall maintain 99.9% availability.",High
"The system shall encrypt passwords before storing them.",High
"The system shall allow librarians to issue books.",High
"The system shall allow librarians to return books.",High
"The system shall notify users before password expiration.",High
"The system shall allow managers to approve leave requests.",High
"The system shall maintain transaction history for five years.",High
"The system shall generate payroll reports monthly.",High
"The system shall allow patients to book appointments online.",High
"The system shall allow doctors to update medical records.",High
"The system shall securely store medical history.",High
"The system shall verify user identity before account deletion.",High
"The system shall automatically log out inactive users after 15 minutes.",High
"The system shall support secure HTTPS communication.",High
"The system shall validate uploaded documents before storage.",High
"The system shall allow users to change passwords securely.",High
"The system shall record login attempts for security auditing.",High
"The system shall allow administrators to monitor system activity.",High
"The system shall recover automatically after unexpected failures.",High
"The system shall generate inventory reports daily.",High
"The system shall allow customers to track shipment status.",High
"The system shall provide search suggestions while typing.",High
"The system shall store transaction logs securely.",High
"The system shall support concurrent access for 1000 users.",High
"The system shall verify payment confirmation before order processing.",High
"The system should be fast and user friendly.",Low
"The application should provide good performance.",Low
"The software should work properly for users.",Low
"The system should be easy to use.",Low
"The application should respond quickly.",Low
"The software should have better security.",Low
"The system should be efficient.",Low
"The application should process requests soon.",Low
"The software should provide many reports.",Low
"The system should support large databases.",Low
"The application should work in most situations.",Low
"The software should provide appropriate functionality.",Low
"The system should have sufficient storage.",Low
"The application should offer good usability.",Low
"The software should perform better than existing systems.",Low
"The system should have proper validation.",Low
"The application should be simple and efficient.",Low
"The software should load quickly.",Low
"The system should support many users.",Low
"The application should provide better search.",Low
"The software should be easy for everyone.",Low
"The system should generate reports quickly.",Low
"The application should be good for organizations.",Low
"The software should be highly efficient.",Low
"The system should provide proper backup.",Low
"The application should have appropriate security.",Low
"The software should perform well.",Low
"The system should respond in a fast manner.",Low
"The application should provide good authentication.",Low
"The software should be user friendly.",Low
"The system should be flexible.",Low
"The application should support large files.",Low
"The software should offer better performance.",Low
"The system should work correctly.",Low
"The application should provide enough storage.",Low
"The software should operate properly.",Low
"The system should have good reliability.",Low
"The application should support many transactions.",Low
"The software should improve efficiency.",Low
"The system should give quick results.",Low
"The application should be simple.",Low
"The software should have good response.",Low
"The system should provide appropriate reports.",Low
"The application should be easy for beginners.",Low
"The software should support large organizations.",Low
"The system should perform well under load.",Low
"The application should have better monitoring.",Low
"The software should be good and efficient.",Low
"The system should respond soon.",Low
"The application should be appropriate for business needs.",Low
"The system shall allow customers to update their profile information securely.",High
"The system shall notify administrators when unauthorized access is detected.",High
"The system shall validate all mandatory fields before form submission.",High
"The system shall allow users to reset passwords using OTP verification.",High
"The system shall encrypt all communication using HTTPS protocols.",High
"The system shall allow managers to approve expense claims.",High
"The system shall generate daily attendance reports automatically.",High
"The system shall allow users to export reports in PDF format.",High
"The system shall store customer feedback securely.",High
"The system shall provide role-based dashboard access.",High
"The system shall maintain system logs for one year.",High
"The system shall verify uploaded files before saving.",High
"The system shall allow users to schedule appointments online.",High
"The system shall notify users of successful transactions.",High
"The system shall process refund requests within 5 seconds.",High
"The system shall allow employees to submit leave applications.",High
"The system shall authenticate API requests using secure tokens.",High
"The system shall maintain data consistency during transactions.",High
"The system shall prevent duplicate account creation.",High
"The system shall automatically archive completed records.",High
"The system shall allow users to search invoices by invoice number.",High
"The system shall maintain database backups every 12 hours.",High
"The system shall restrict password reuse for the last five passwords.",High
"The system shall generate audit reports monthly.",High
"The system shall allow administrators to assign user roles.",High
"The system shall verify mobile numbers during registration.",High
"The system shall support simultaneous access for 500 users.",High
"The system shall display error messages for invalid inputs.",High
"The system shall store uploaded documents securely.",High
"The system shall record every failed login attempt.",High
"The system shall allow customers to update shipping addresses.",High
"The system shall process inventory updates immediately after sales.",High
"The system shall allow administrators to deactivate inactive accounts.",High
"The system shall validate payment transactions before confirmation.",High
"The system shall notify users when passwords are changed.",High
"The system shall allow users to download account statements.",High
"The system shall maintain transaction records for auditing purposes.",High
"The system shall support automatic database recovery after failures.",High
"The system shall allow doctors to prescribe medicines electronically.",High
"The system shall notify patients about upcoming appointments.",High
"The system shall allow librarians to reserve books.",High
"The system shall generate overdue book reports daily.",High
"The system shall allow teachers to publish examination results.",High
"The system shall allow students to view academic progress.",High
"The system shall encrypt sensitive documents before storage.",High
"The system shall validate session tokens before granting access.",High
"The system shall support secure password hashing.",High
"The system shall allow administrators to monitor server status.",High
"The system shall generate user activity reports weekly.",High
"The system shall maintain 99.95% service availability.",High
"The system should provide better data management.",Low
"The application should work fast under heavy load.",Low
"The software should have good reporting features.",Low
"The system should provide enough security.",Low
"The application should be simple to maintain.",Low
"The software should be user friendly for all users.",Low
"The system should support many devices.",Low
"The application should give better search results.",Low
"The software should process information quickly.",Low
"The system should have proper authentication.",Low
"The application should be flexible for future changes.",Low
"The software should perform efficiently.",Low
"The system should support large-scale operations.",Low
"The application should be easy to understand.",Low
"The software should provide appropriate notifications.",Low
"The system should offer good reliability.",Low
"The application should have better response time.",Low
"The software should work properly on all browsers.",Low
"The system should support enough storage.",Low
"The application should perform better during peak hours.",Low
"The software should allow quick processing.",Low
"The system should be good for hospitals.",Low
"The application should support many customers.",Low
"The software should have simple navigation.",Low
"The system should provide efficient communication.",Low
"The application should work smoothly.",Low
"The software should be appropriate for business use.",Low
"The system should provide sufficient backups.",Low
"The application should generate reports quickly.",Low
"The software should support large transactions.",Low
"The system should improve overall productivity.",Low
"The application should have good monitoring.",Low
"The software should provide better scalability.",Low
"The system should be easy for administrators.",Low
"The application should process requests efficiently.",Low
"The software should support proper documentation.",Low
"The system should provide better alerts.",Low
"The application should work correctly all the time.",Low
"The software should support enough users.",Low
"The system should have appropriate recovery mechanisms.",Low
"The application should improve performance.",Low
"The software should provide quick notifications.",Low
"The system should support many file formats.",Low
"The application should be simple for new users.",Low
"The software should work efficiently with databases.",Low
"The system should offer better flexibility.",Low
"The application should provide proper logging.",Low
"The software should have good availability.",Low
"The system should respond faster.",Low
"The application should be sufficient for organizational needs.",Low
"The system shall allow administrators to approve user registration requests.",High
"The system shall notify users immediately after successful payment.",High
"The system shall generate weekly inventory reports automatically.",High
"The system shall validate all uploaded images before storage.",High
"The system shall allow customers to view complete order history.",High
"The system shall store audit logs for a minimum of five years.",High
"The system shall encrypt backup files before cloud storage.",High
"The system shall automatically deactivate inactive accounts after 180 days.",High
"The system shall allow employees to submit reimbursement requests online.",High
"The system shall verify invoice numbers before payment processing.",High
"The system shall provide secure password recovery using email verification.",High
"The system shall generate monthly tax reports in PDF format.",High
"The system shall maintain database consistency during concurrent transactions.",High
"The system shall allow administrators to reset user passwords securely.",High
"The system shall notify managers when inventory falls below the threshold.",High
"The system shall validate customer phone numbers before registration.",High
"The system shall support secure REST API authentication using OAuth 2.0.",High
"The system shall process refund requests within two business days.",High
"The system shall maintain detailed logs for every administrative action.",High
"The system shall allow users to download purchase receipts.",High
"The system shall restrict access to confidential records based on user roles.",High
"The system shall automatically archive completed projects.",High
"The system shall notify students when examination results are published.",High
"The system shall allow teachers to update course materials online.",High
"The system shall generate attendance reports at the end of each week.",High
"The system shall securely store biometric authentication data.",High
"The system shall validate payment gateway responses before confirmation.",High
"The system shall display customized dashboards based on user roles.",High
"The system shall maintain 99.99% server uptime.",High
"The system shall support automatic failover during server failures.",High
"The system shall generate customer invoices immediately after order confirmation.",High
"The system shall allow librarians to renew borrowed books online.",High
"The system shall notify users before subscription expiration.",High
"The system shall encrypt confidential documents using AES-256.",High
"The system shall validate uploaded files against malware before saving.",High
"The system shall automatically synchronize data every five minutes.",High
"The system shall provide multilingual support for English and Hindi.",High
"The system shall maintain complete transaction history.",High
"The system shall generate user login statistics every month.",High
"The system shall prevent duplicate invoice generation.",High
"The system shall allow administrators to assign department-specific permissions.",High
"The system shall securely store customer payment information.",High
"The system shall notify patients through SMS before appointments.",High
"The system shall verify OTP codes within 60 seconds.",High
"The system shall allow users to filter reports by date range.",High
"The system shall support concurrent access for up to 2000 users.",High
"The system shall generate daily backup completion reports.",High
"The system shall validate mandatory fields before record submission.",High
"The system shall securely delete temporary files after processing.",High
"The system shall maintain data integrity during import operations.",High
"The application should provide better security mechanisms.",Low
"The software should process information very quickly.",Low
"The system should provide enough reliability.",Low
"The application should support more users.",Low
"The software should have good usability.",Low
"The system should generate reports faster.",Low
"The application should perform better during operations.",Low
"The software should provide proper notifications.",Low
"The system should have sufficient storage capacity.",Low
"The application should be simple for customers.",Low
"The software should allow better searching.",Low
"The system should support many operating systems.",Low
"The application should have appropriate validation.",Low
"The software should provide efficient communication.",Low
"The system should respond as soon as possible.",Low
"The application should be user friendly and efficient.",Low
"The software should work properly under pressure.",Low
"The system should provide enough scalability.",Low
"The application should improve customer satisfaction.",Low
"The software should support better monitoring.",Low
"The system should have good performance.",Low
"The application should support different browsers.",Low
"The software should process requests in a fast way.",Low
"The system should provide proper backup facilities.",Low
"The application should support large organizations.",Low
"The software should have better accessibility.",Low
"The system should allow many reports.",Low
"The application should improve productivity.",Low
"The software should have simple workflows.",Low
"The system should provide good authentication methods.",Low
"The application should work correctly in all situations.",Low
"The software should be appropriate for educational institutions.",Low
"The system should provide sufficient documentation.",Low
"The application should support enough transactions.",Low
"The software should have good response.",Low
"The system should work smoothly with databases.",Low
"The application should provide efficient data processing.",Low
"Thesoftware should have proper flexibility.",Low
"The system should support quick report generation.",Low
"The application should have good maintainability.",Low
"The software should support better integration.",Low
"The system should improve overall efficiency.",Low
"The application should provide large storage.",Low
"The software should have better availability.",Low
"The system should respond quickly to users.",Low
"The application should provide enough functionality.",Low
"The software should work well for companies.",Low
"The system should support proper synchronization.",Low
"The application should have suitable recovery features.",Low
"The software should perform well in most cases.",Low
"The system shall automatically send email notifications after successful account registration.",High
"The system shall allow users to securely change their passwords every 90 days.",High
"The system shall generate quarterly financial statements in PDF format.",High
"The system shall verify digital signatures before document approval.",High
"The system shall encrypt all sensitive user information before database storage.",High
"The system shall allow administrators to configure system parameters.",High
"The system shall support automatic database failover during server outages.",High
"The system shall maintain application logs for a minimum of seven years.",High
"The system shall notify administrators when server CPU utilization exceeds 90%.",High
"The system shall allow customers to save multiple delivery addresses.",High
"The system shall validate coupon codes before applying discounts.",High
"The system shall automatically calculate taxes based on customer location.",High
"The system shall allow managers to review employee performance reports.",High
"The system shall securely store uploaded medical documents.",High
"The system shall allow patients to download laboratory reports.",High
"The system shall generate appointment reminders 24 hours before scheduled visits.",High
"The system shall verify product availability before order confirmation.",High
"The system shall automatically cancel unpaid orders after 30 minutes.",High
"The system shall allow administrators to restore deleted records from backup.",High
"The system shall maintain detailed payment transaction logs.",High
"The system shall allow users to filter search results using multiple criteria.",High
"The system shall process online booking requests within 2 seconds.",High
"The system shall provide dashboard statistics for administrators.",High
"The system shall restrict login attempts to five unsuccessful attempts.",High
"The system shall lock user accounts for 30 minutes after repeated failed logins.",High
"The system shall allow customers to download GST invoices.",High
"The system shall automatically synchronize inventory across all warehouses.",High
"The system shall maintain version history for edited documents.",High
"The system shall allow faculty members to publish course announcements.",High
"The system shall notify students about timetable changes.",High
"The system shall validate barcode information before product checkout.",High
"The system shall support biometric authentication for mobile devices.",High
"The system shall encrypt API communication using TLS 1.3.",High
"The system shall provide 24×7 system availability.",High
"The system shall generate payroll slips automatically every month.",High
"The system shall allow HR staff to approve employee leave requests.",High
"The system shall verify uploaded resumes before recruitment processing.",High
"The system shall maintain separate audit logs for administrator activities.",High
"The system shall automatically generate invoice numbers sequentially.",High
"The system shall allow users to print transaction receipts.",High
"The system shall securely archive inactive customer records.",High
"The system shall support password complexity requirements.",High
"The system shall validate mandatory document attachments before submission.",High
"The system shall generate project completion reports automatically.",High
"The system shall notify warehouse staff when stock reaches reorder level.",High
"The system shall securely transfer files between servers using SFTP.",High
"The system shall maintain response time below three seconds under normal load.",High
"The system shall support automatic software updates.",High
"The system shall verify administrator identity before system configuration changes.",High
"The system shall generate yearly analytics reports.",High
"The software should provide better user experience.",Low
"The application should work faster than before.",Low
"The system should support enough employees.",Low
"The software should provide good reporting.",Low
"The application should process requests properly.",Low
"The system should be suitable for hospitals.",Low
"The software should support better performance.",Low
"The application should offer simple navigation.",Low
"The system should have appropriate backup.",Low
"The software should provide good response time.",Low
"The application should support many branches.",Low
"The system should be easy to maintain.",Low
"The software should work correctly most of the time.",Low
"The application should improve overall efficiency.",Low
"The system should provide proper documentation.",Low
"The software should support quick login.",Low
"The application should have enough security.",Low
"The system should generate reports quickly.",Low
"The software should be user friendly.",Low
"The application should provide better monitoring.",Low
"The system should work efficiently.",Low
"Thesoftware should provide sufficient storage.",Low
"The application should support more customers.",Low
"The system should perform better during peak traffic.",Low
"The software should offer simple account management.",Low
"The application should support large databases.",Low
"The system should provide better notifications.",Low
"The software should have good authentication.",Low
"The application should process data fast.",Low
"The system should provide enough reliability.",Low
"The software should support flexible configuration.",Low
"The application should work smoothly on all systems.",Low
"The system should provide many useful reports.",Low
"The software should improve system availability.",Low
"The application should be suitable for educational institutes.",Low
"The system should support large numbers of users.",Low
"The software should have better recovery.",Low
"The application should support proper synchronization.",Low
"The system should provide good scalability.",Low
"The software should work properly in different environments.",Low
"The application should improve communication.",Low
"The system should support enough storage.",Low
"The software should have good flexibility.",Low
"The application should perform efficiently.",Low
"The system should provide quick access.",Low
"The software should support different platforms.",Low
"The application should be appropriate for businesses.",Low
"The system should process transactions quickly.",Low
"The software should provide good maintenance support.",Low
"The application should have simple functionality.",Low
"The system shall automatically notify customers when their order has been shipped.",High
"The system shall allow administrators to suspend user accounts securely.",High
"The system shall validate user input before storing records in the database.",High
"The system shall encrypt payment information using AES-256 encryption.",High
"The system shall generate weekly customer activity reports.",High
"The system shall allow users to download transaction history in CSV format.",High
"The system shall maintain server uptime of at least 99.95%.",High
"The system shall automatically remove expired session tokens.",High
"The system shall support secure password reset using email verification.",High
"The system shall allow customers to submit product reviews.",High
"The system shall maintain a complete history of account changes.",High
"The system shall generate backup reports after every successful backup.",High
"The system shall allow users to search products using keywords.",High
"The system shall notify administrators about failed backup operations.",High
"The system shall allow employees to update personal information.",High
"The system shall verify customer identity before processing refunds.",High
"The system shall automatically generate unique customer IDs.",High
"The system shall allow administrators to configure email notification settings.",High
"The system shall securely store employee payroll information.",High
"The system shall support automatic recovery after unexpected shutdowns.",High
"The system shall generate monthly inventory valuation reports.",High
"The system shall allow customers to track delivery status in real time.",High
"The system shall restrict confidential reports to authorized managers only.",High
"The system shall verify uploaded PDF documents before processing.",High
"The system shall maintain encrypted backups in cloud storage.",High
"The system shall allow users to update profile pictures securely.",High
"The system shall generate purchase order reports daily.",High
"The system shall allow doctors to access patient records based on assigned departments.",High
"The system shall notify users before account passwords expire.",High
"The system shall automatically detect duplicate customer records.",High
"The system shall allow administrators to export audit logs.",High
"The system shall validate employee IDs before attendance submission.",High
"The system shall support simultaneous access by 2500 users.",High
"The system shall allow customers to cancel appointments online.",High
"The system shall maintain transaction consistency during payment processing.",High
"The system shall notify warehouse managers about low stock levels.",High
"The system shall verify OTP codes before account activation.",High
"The system shall allow teachers to upload examination schedules.",High
"The system shall generate automatic reminders for pending approvals.",High
"The system shall securely delete temporary authentication tokens after logout.",High
"The system shall allow users to sort reports by date and category.",High
"The system shall maintain role-based permissions for every module.",High
"The system shall encrypt customer passwords before storage.",High
"The system shall automatically archive completed financial records.",High
"The system shall support secure API communication using HTTPS.",High
"The system shall validate invoice details before payment confirmation.",High
"The system shall generate attendance summaries every month.",High
"The system shall allow users to securely log out from all active sessions.",High
"The system shall maintain detailed security event logs.",High
"The system shall support scheduled database optimization every week.",High
"The system should provide better security for users.",Low
"The application should be fast and efficient.",Low
"The software should work properly in every situation.",Low
"The system should support enough reports.",Low
"The application should improve performance.",Low
"The software should provide good reliability.",Low
"The system should have better backup facilities.",Low
"The application should support many customers.",Low
"The software should provide simple account management.",Low
"The system should respond quickly under heavy load.",Low
"The application should have appropriate validation.",Low
"Thesoftware should provide good scalability.",Low
"The system should support many file uploads.",Low
"The application should improve user satisfaction.",Low
"The software should process requests efficiently.",Low
"The system should have proper documentation.",Low
"The application should work correctly on all devices.",Low
"The software should support better communication.",Low
"The system should have enough storage space.",Low
"The application should provide good availability.",Low
"The software should support different business processes.",Low
"The system should perform well with many users.",Low
"The application should generate reports faster.",Low
"The software should provide proper notifications.",Low
"The system should support better recovery.",Low
"The application should work smoothly.",Low
"The software should provide sufficient authentication.",Low
"The system should support large organizations.",Low
"The application should improve overall productivity.",Low
"The software should be suitable for healthcare systems.",Low
"The system should support enough administrators.",Low
"The application should provide quick access.",Low
"The software should perform better during busy hours.",Low
"The system should support good monitoring.",Low
"The application should have simple user interfaces.",Low
"The software should provide flexible configuration.",Low
"The system should process transactions faster.",Low
"The application should support proper synchronization.",Low
"The software should improve reliability.",Low
"The system should be easy for operators.",Low
"The application should support many products.",Low
"The software should provide good logging.",Low
"The system should have appropriate recovery.",Low
"The application should work well for companies.",Low
"The software should support enough database capacity.",Low
"The system should provide quick notifications.",Low
"The application should improve accessibility.",Low
"The software should have better usability.",Low
"The system should provide proper maintenance.",Low
"The application should be suitable for future growth.",Low
"The system shall allow customers to schedule service appointments online.",High
"The system shall generate daily transaction summaries automatically.",High
"The system shall verify user email addresses before account activation.",High
"The system shall securely store customer preferences in the database.",High
"The system shall allow administrators to reset user passwords.",High
"The system shall process payment confirmations within 2 seconds.",High
"The system shall maintain encrypted communication using TLS 1.3.",High
"The system shall automatically notify users about failed login attempts.",High
"The system shall allow employees to upload reimbursement documents.",High
"The system shall validate invoice details before generating receipts.",High
"The system shall generate customer billing statements every month.",High
"The system shall maintain backup copies every six hours.",High
"The system shall allow managers to approve procurement requests.",High
"The system shall restrict access to payroll information based on user roles.",High
"The system shall support concurrent access for up to 3000 users.",High
"The system shall notify administrators when storage exceeds 90% utilization.",High
"The system shall automatically archive completed support tickets.",High
"The system shall validate customer addresses before shipment.",High
"The system shall generate inventory reorder alerts automatically.",High
"The system shall allow users to search products using barcode numbers.",High
"The system shall securely hash passwords using the bcrypt algorithm.",High
"The system shall log every administrator action for auditing purposes.",High
"The system shall allow users to download monthly account statements.",High
"The system shall support automatic synchronization with cloud storage.",High
"The system shall encrypt sensitive API responses before transmission.",High
"The system shall notify customers about delivery delays.",High
"The system shall validate employee attendance records daily.",High
"The system shall allow students to register for examinations online.",High
"The system shall generate semester result reports automatically.",High
"The system shall allow teachers to assign grades electronically.",High
"The system shall verify uploaded assignment files before submission.",High
"The system shall maintain patient appointment history securely.",High
"The system shall notify doctors about emergency appointments immediately.",High
"The system shall automatically calculate employee overtime hours.",High
"The system shall generate GST invoices after successful payments.",High
"The system shall allow warehouse staff to scan products using QR codes.",High
"The system shall verify supplier information before purchase approval.",High
"The system shall maintain detailed customer communication logs.",High
"The system shall automatically send password expiry reminders seven days in advance.",High
"The system shall allow users to filter reports by department.",High
"The system shall maintain transaction integrity using ACID properties.",High
"The system shall securely delete expired authentication tokens.",High
"The system shall generate project milestone reports weekly.",High
"The system shall support multilingual notifications.",High
"The system shall validate uploaded documents against predefined templates.",High
"The system shall automatically recover interrupted transactions.",High
"The system shall notify finance staff when invoices become overdue.",High
"The system shall support secure biometric authentication.",High
"The system shall allow administrators to configure password policies.",High
"The system shall maintain response time below 2.5 seconds for search operations.",High
"The software should provide better response speed.",Low
"The system should work properly with many users.",Low
"The application should provide enough security.",Low
"The software should support better reporting.",Low
"The system should process requests faster.",Low
"The application should have good flexibility.",Low
"The software should provide simple navigation.",Low
"The system should support enough storage.",Low
"The application should work efficiently.",Low
"The software should improve overall performance.",Low
"The system should provide proper authentication.",Low
"The application should support many products.",Low
"The software should generate reports quickly.",Low
"The system should have better recovery.",Low
"The application should provide suitable notifications.",Low
"The software should be user friendly.",Low
"The system should support large organizations.",Low
"The application should process information properly.",Low
"The software should provide good usability.",Low
"The system should respond as quickly as possible.",Low
"The application should have appropriate monitoring.",Low
"The software should support enough transactions.",Low
"The system should provide proper backups.",Low
"The application should improve customer experience.",Low
"The software should work correctly on different devices.",Low
"The system should support many administrators.",Low
"Theapplication should have better accessibility.",Low
"The software should process data efficiently.",Low
"The system should have enough documentation.",Low
"The application should provide flexible configuration.",Low
"The software should support good scalability.",Low
"The system should perform better under heavy load.",Low
"The application should work smoothly.",Low
"The software should support proper maintenance.",Low
"The system should provide quick access to information.",Low
"The application should generate better analytics.",Low
"The software should support many file formats.",Low
"The system should provide suitable recovery.",Low
"The application should improve reliability.",Low
"The software should be suitable for enterprises.",Low
"The system should support more customers.",Low
"The application should provide enough functionality.",Low
"The software should perform well in every situation.",Low
"The system should have proper synchronization.",Low
"The application should provide better communication.",Low
"The software should work well with databases.",Low
"The system should have enough resources.",Low
"The application should provide good maintainability.",Low
"The software should support future requirements.",Low
"The system should be easy for all users.",Low
"The system shall allow customers to update their delivery preferences securely.",High
"The system shall generate automatic payment confirmation emails.",High
"The system shall verify customer identity using OTP before password reset.",High
"The system shall encrypt all financial records stored in the database.",High
"The system shall automatically log users out after 20 minutes of inactivity.",High
"The system shall maintain complete audit logs for every database transaction.",High
"The system shall allow employees to submit expense claims online.",High
"The system shall generate weekly sales analytics reports.",High
"The system shall notify administrators when unauthorized login attempts exceed five.",High
"The system shall allow users to filter transaction history by date.",High
"The system shall securely store customer invoices for seven years.",High
"The system shall support automatic failover between primary and backup servers.",High
"The system shall validate uploaded profile images before storage.",High
"The system shall process customer refund requests within three business days.",High
"The system shall allow teachers to publish online examination schedules.",High
"The system shall notify students about assignment deadlines via email.",High
"The system shall generate attendance reports for each academic month.",High
"The system shall allow hospital staff to update patient discharge summaries.",High
"The system shall verify medicine stock before prescription approval.",High
"The system shall automatically generate patient billing statements.",High
"The system shall allow warehouse staff to update stock quantities in real time.",High
"The system shall notify suppliers when inventory reaches reorder level.",High
"The system shall generate monthly procurement reports.",High
"The system shall encrypt communication between client and server using TLS.",High
"The system shall validate customer feedback before publication.",High
"The system shall automatically archive completed purchase orders.",High
"The system shall allow managers to approve overtime requests.",High
"The system shall securely store biometric authentication records.",High
"The system shall automatically synchronize customer data across all branch offices every 10 minutes.",High
"The system shall allow administrators to configure email templates for notifications.",High
"The system shall validate product serial numbers before warranty registration.",High
"The system shall generate quarterly customer satisfaction reports.",High
"The system shall automatically notify customers when their subscription is about to expire.",High
"The system shall allow administrators to configure role-based permissions for every module.",High
"The system shall validate customer tax identification numbers before account creation.",High
"The system shall generate annual financial audit reports in PDF format.",High
"The system shall securely encrypt all sensitive user data using AES-256.",High
"The system shall allow customers to schedule recurring online payments.",High
"The system shall process payment transactions within 2 seconds.",High
"The system shall notify users immediately after profile updates.",High
"The system shall maintain encrypted backups every 12 hours.",High
"The system shall automatically archive inactive user accounts after one year.",High
"The system shall allow employees to update emergency contact information.",High
"The system shall validate uploaded invoices before approval.",High
"The system shall generate inventory utilization reports every week.",High
"The system shall allow managers to approve purchase requests electronically.",High
"The system shall securely store patient laboratory reports.",High
"The system shall notify doctors when critical test results are available.",High
"The system shall automatically assign ticket numbers for customer support requests.",High
"The system shall allow customers to download payment receipts in PDF format.",High
"The system shall verify supplier information before purchase order approval.",High
"The system shall maintain detailed logs for every inventory transaction.",High
"The system shall allow librarians to manage overdue fine payments.",High
"The system shall generate examination timetable reports automatically.",High
"The system shall allow teachers to upload lecture notes securely.",High
"The system shall notify students when new assignments are published.",High
"The system shall support secure HTTPS communication for all web services.",High
"The system shall automatically detect duplicate customer records before insertion.",High
"The system shall allow users to search records using multiple filters.",High
"The system shall generate daily cash flow reports.",High
"The system shall maintain database consistency during simultaneous updates.",High
"The system shall allow administrators to deactivate suspended accounts.",High
"The system shall validate password complexity before account creation.",High
"The system shall automatically recover incomplete transactions after server restart.",High
"The system shall allow customers to update billing addresses securely.",High
"The system shall notify warehouse staff about damaged inventory.",High
"The system shall generate monthly supplier performance reports.",High
"The system shall support secure API authentication using OAuth 2.0.",High
"The system shall allow users to export reports in Excel and PDF formats.",High
"The system shall verify uploaded documents for malware before storage.",High
"The system shall maintain response time below three seconds during normal operation.",High
"The system shall automatically synchronize branch office data every five minutes.",High
"The system shall allow finance managers to approve reimbursement requests.",High
"The system shall generate automatic reminders for pending invoices.",High
"The system shall securely store employee salary information.",High
"The system shall notify customers when product prices change.",High
"The system shall validate barcode information before inventory updates.",High
"The system shall automatically generate order confirmation numbers.",High
"The system shall allow administrators to monitor server health in real time.",High
"The system shall maintain audit trails for all administrative activities.",High
"The system shall support concurrent access for up to 5000 users.",High
"The system shall securely delete temporary authentication files after logout.",High
"The software should provide better customer support.",Low
"The application should work faster than existing software.",Low
"The system should have enough security mechanisms.",Low
"The software should support many business processes.",Low
"The application should generate reports quickly.",Low
"The system should perform better during busy hours.",Low
"The software should provide proper authentication.",Low
"The application should support more customers.",Low
"The system should be easy for employees to use.",Low
"The software should provide good scalability.",Low
"The application should work correctly in every situation.",Low
"The system should support enough storage space.",Low
"The software should provide better flexibility.",Low
"The application should improve communication between departments.",Low
"The system should process requests as quickly as possible.",Low
"The software should support good recovery features.",Low
"The application should have simple navigation.",Low
"The system should provide suitable monitoring.",Low
"The software should work efficiently with databases.",Low
"The application should support many file types.",Low
"The system should have better backup functionality.",Low
"The software should improve overall performance.",Low
"The application should provide enough reliability.",Low
"The system should support different operating systems.",Low
"The software should provide quick access to information.",Low
"Theapplication should have proper synchronization.",Low
"The system should work well under heavy traffic.",Low
"The software should provide better availability.",Low
"The application should support future expansion.",Low
"The system should have enough documentation.",Low
"The software should be user friendly.",Low
"The application should support many users.",Low
"The system should process transactions efficiently.",Low
"The software should have better reporting.",Low
"The application should provide suitable notifications.",Low
"The system should support enough administrators.",Low
"The software should improve maintainability.",Low
"The application should provide good usability.",Low
"The system should work smoothly on all browsers.",Low
"The software should provide appropriate logging.",Low
"The application should support better analytics.",Low
"The system should have sufficient resources.",Low
"The software should support different industries.",Low
"The application should perform efficiently.",Low
"The system should provide better synchronization.",Low
"The software should support flexible configurations.",Low
"The application should work properly for organizations.",Low
"The system should provide good accessibility.",Low
"Thesoftware should support many transactions.",Low
"The application should be suitable for enterprise use.",Low
"The system shall automatically generate unique invoice numbers for every completed order.",High
"The system shall allow administrators to assign permissions based on department roles.",High
"The system shall validate customer email addresses before processing registrations.",High
"The system shall securely encrypt all payment transactions using TLS 1.3.",High
"The system shall generate monthly revenue reports in PDF and Excel formats.",High
"The system shall allow customers to update contact information after authentication.",High
"The system shall notify administrators when server memory utilization exceeds 85%.",High
"The system shall automatically create daily database backups at midnight.",High
"The system shall verify OTP codes within 60 seconds before account activation.",High
"The system shall allow users to export transaction history in CSV format.",High
"The system shall maintain audit logs for every configuration change.",High
"The system shall process customer orders within three seconds under normal load.",High
"The system shall securely store employee salary records using AES-256 encryption.",High
"The system shall allow teachers to upload lecture materials in PDF format.",High
"The system shall notify students immediately after examination results are published.",High
"The system shall generate attendance summaries at the end of each semester.",High
"The system shall allow hospital administrators to assign doctors to departments.",High
"The system shall verify medicine availability before prescription approval.",High
"The system shall automatically generate patient discharge summaries.",High
"The system shall allow warehouse managers to approve inventory transfers.",High
"The system shall validate barcode information before dispatch.",High
"The system shall notify suppliers when purchase orders are approved.",High
"The system shall securely delete expired user sessions after logout.",High
"The system shall support automatic synchronization between branch offices every five minutes.",High
"The system shall maintain transaction consistency using ACID-compliant operations.",High
"The system shall allow customers to filter orders by payment status.",High
"The system shall generate weekly sales performance dashboards.",High
"The system shall automatically detect duplicate customer accounts before registration.",High
"The system shall allow managers to approve employee travel requests.",High
"The system shall notify finance staff about overdue customer payments.",High
"The system shall securely store uploaded contracts in encrypted storage.",High
"The system shall validate uploaded documents against predefined file size limits.",High
"The system shall allow users to search records using multiple keywords.",High
"The system shall generate project status reports every Friday.",High
"The system shall automatically archive completed customer support tickets after 90 days.",High
"The system shall support concurrent access for up to 7500 authenticated users.",High
"The system shall notify users before password expiration seven days in advance.",High
"The system shall allow administrators to restore deleted records from backup storage.",High
"The system shall verify payment gateway responses before order confirmation.",High
"The system shall maintain application availability of 99.99% annually.",High
"The system shall allow customers to schedule recurring service appointments.",High
"The system shall generate detailed inventory audit reports monthly.",High
"The system shall notify warehouse staff about expired products.",High
"The system shall securely hash all passwords using the bcrypt algorithm.",High
"The system shall validate customer phone numbers using OTP verification.",High
"The system shall allow librarians to generate overdue fine reports.",High
"The system shall notify students about timetable updates through email.",High
"The system shall automatically recover interrupted database transactions.",High
"The system shall allow administrators to monitor system performance through dashboards.",High
"The system shall maintain encrypted backups in geographically separate locations.",High
"The software should provide better performance.",Low
"The application should work faster for users.",Low
"The system should have enough security.",Low
"The software should provide good reporting.",Low
"The application should support many departments.",Low
"The system should process information quickly.",Low
"The software should provide proper monitoring.",Low
"The application should support enough storage.",Low
"The system should be easy to use.",Low
"The software should improve efficiency.",Low
"The application should provide better reliability.",Low
"The system should work properly under all conditions.",Low
"The software should support many customers.",Low
"The application should generate reports faster.",Low
"The system should have suitable backup facilities.",Low
"The software should provide flexible settings.",Low
"The application should support large organizations.",Low
"The system should provide proper synchronization.",Low
"The software should have better usability.",Low
"The application should process requests efficiently.",Low
"The system should support future enhancements.",Low
"The software should provide good authentication.",Low
"The application should have appropriate documentation.",Low
"The system should support more users.",Low
"The software should improve communication.",Low
"The application should provide enough scalability.",Low
"The system should perform better during peak hours.",Low
"The software should support different platforms.",Low
"The application should provide simple navigation.",Low
"The system should work smoothly with databases.",Low
"The software should support enough administrators.",Low
"Theapplication should provide better analytics.",Low
"The system should have sufficient resources.",Low
"The software should process transactions quickly.",Low
"The application should support many file formats.",Low
"The system should provide proper recovery.",Low
"The software should improve maintainability.",Low
"The application should support flexible business processes.",Low
"The system should provide good availability.",Low
"The software should support better accessibility.",Low
"The application should have enough functionality.",Low
"The system should work efficiently.",Low
"The software should provide quick notifications.",Low
"The application should support suitable integration.",Low
"The system should provide better customer experience.",Low
"The software should support many business users.",Low
"The application should work correctly for enterprises.",Low
"The system should provide good logging.",Low
"The software should support better configuration.",Low
"The application should be suitable for future requirements.",Low
"The system shall allow customers to securely update their billing information.",High
"The system shall generate weekly inventory status reports automatically.",High
"The system shall validate employee identification numbers before attendance submission.",High
"The system shall encrypt all customer passwords using bcrypt before storage.",High
"The system shall notify administrators immediately when server CPU usage exceeds 90%.",High
"The system shall support automatic database backup every six hours.",High
"The system shall allow users to download invoices in PDF format.",High
"The system shall verify payment transactions before order confirmation.",High
"The system shall maintain detailed audit logs for administrator activities.",High
"The system shall allow teachers to publish assignments online.",High
"The system shall notify students about examination schedules via email.",High
"The system shall generate monthly attendance reports automatically.",High
"The system shall allow hospital staff to register new patients securely.",High
"The system shall validate prescription details before pharmacy processing.",High
"The system shall automatically generate patient discharge reports.",High
"The system shall allow warehouse managers to approve stock transfers.",High
"The system shall notify suppliers when inventory falls below reorder level.",High
"The system shall support secure communication using HTTPS for all web requests.",High
"The system shall allow administrators to export audit reports in Excel format.",High
"The system shall generate customer purchase summaries every month.",High
"The system shall securely store employee payroll information.",High
"The system shall validate uploaded documents before database storage.",High
"The system shall notify finance staff about failed payment transactions.",High
"The system shall allow customers to schedule appointments online.",High
"The system shall automatically archive completed customer orders after one year.",High
"The system shall support concurrent access for up to 4000 authenticated users.",High
"The system shall generate automatic reminders for overdue invoices.",High
"The system shall allow managers to approve leave requests electronically.",High
"The system shall maintain response time below 2 seconds for search operations.",High
"The system shall automatically recover interrupted transactions after server restart.",High
"The system shall allow users to filter reports by date, department and category.",High
"The system shall notify customers immediately after successful payment.",High
"The system shall validate uploaded profile photographs before saving.",High
"The system shall generate quarterly financial reports.",High
"The system shall allow administrators to configure password complexity rules.",High
"The system shall securely delete temporary authentication tokens after logout.",High
"The system shall support multilingual user interfaces.",High
"The system shall verify barcode information before product dispatch.",High
"The system shall generate project progress reports every Friday.",High
"The system shall notify users before password expiration.",High
"The system shall maintain encrypted cloud backups every day.",High
"The system shall allow librarians to issue and return books electronically.",High
"The system shall automatically calculate employee monthly salaries.",High
"The system shall validate GST numbers before invoice generation.",High
"The system shall notify administrators about suspicious login attempts.",High
"The system shall support secure API authentication using OAuth 2.0.",High
"The system shall generate daily cash transaction reports.",High
"The system shall allow customers to track orders in real time.",High
"The system shall maintain transaction consistency using ACID principles.",High
"The system shall securely store confidential documents with encryption.",High
"The software should provide better functionality.",Low
"The application should work faster.",Low
"The system should have enough security.",Low
"The software should provide good performance.",Low
"The application should support many users.",Low
"The system should process requests quickly.",Low
"The software should provide better reporting.",Low
"The application should support more departments.",Low
"The system should have proper backup.",Low
"The software should work efficiently.",Low
"The application should provide better usability.",Low
"The system should support enough storage.",Low
"The software should provide flexible settings.",Low
"The application should improve customer satisfaction.",Low
"The system should work properly under load.",Low
"The software should support many file formats.",Low
"The application should provide suitable recovery.",Low
"The system should process data efficiently.",Low
"The software should provide enough scalability.",Low
"The application should work correctly everywhere.",Low
"The system should support better authentication.",Low
"The software should provide proper monitoring.",Low
"The application should generate reports quickly.",Low
"The system should support future improvements.",Low
"The software should be easy to use.",Low
"The application should support large businesses.",Low
"The system should provide better communication.",Low
"The software should work smoothly.",Low
"The application should have good accessibility.",Low
"The system should support many transactions.",Low
"The software should improve reliability.",Low
"The application should provide enough documentation.",Low
"The system should support different browsers.",Low
"The software should process information faster.",Low
"The application should provide better synchronization.",Low
"The system should support good maintenance.",Low
"The software should work correctly with databases.",Low
"The application should provide enough resources.",Low
"The system should have better analytics.",Low
"The software should support suitable integration.",Low
"The application should perform well.",Low
"The system should support different industries.",Low
"The software should provide quick notifications.",Low
"Theapplication should improve flexibility.",Low
"The system should have appropriate configuration.",Low
"The software should support many administrators.",Low
"The application should provide better availability.",Low
"The system should work properly all the time.",Low
"The software should support future expansion.",Low
"The application should be suitable for enterprise systems.",Low
"The system shall automatically generate monthly payroll reports for all employees.",High
"The system shall allow administrators to reset user passwords securely.",High
"The system shall validate customer phone numbers using OTP verification.",High
"The system shall encrypt sensitive customer data before database storage.",High
"The system shall notify users immediately after successful account registration.",High
"The system shall support automatic failover during server failures.",High
"The system shall generate weekly inventory movement reports.",High
"The system shall allow customers to update delivery addresses before shipment.",High
"The system shall verify uploaded documents before processing.",High
"The system shall maintain audit logs for every user login and logout.",High
"The system shall allow doctors to access only assigned patient records.",High
"The system shall notify patients about upcoming appointments via SMS.",High
"The system shall automatically calculate monthly electricity bills.",High
"The system shall generate semester examination result reports.",High
"The system shall allow teachers to upload attendance records online.",High
"The system shall securely store examination results using database encryption.",High
"The system shall validate supplier invoices before payment approval.",High
"The system shall notify warehouse managers when stock reaches reorder level.",High
"The system shall automatically archive completed customer support tickets.",High
"The system shall support concurrent access for up to 6000 authenticated users.",High
"The system shall allow managers to approve expense reimbursement requests.",High
"The system shall maintain response time below 2 seconds during normal operation.",High
"The system shall automatically recover incomplete transactions after power failure.",High
"The system shall allow customers to download payment receipts in PDF format.",High
"The system shall verify user identity before updating personal information.",High
"The system shall generate yearly financial statements automatically.",High
"The system shall allow librarians to reserve books online.",High
"The system shall notify members before library book due dates.",High
"The system shall securely hash user passwords using bcrypt.",High
"The system shall allow administrators to monitor application performance dashboards.",High
"The system shall validate uploaded profile images before storage.",High
"The system shall generate automatic order confirmation emails.",High
"The system shall support secure REST API communication using HTTPS.",High
"The system shall notify finance staff when invoices become overdue.",High
"The system shall allow employees to update emergency contact information.",High
"The system shall automatically synchronize branch office databases every 15 minutes.",High
"The system shall verify payment gateway responses before confirming transactions.",High
"The system shall maintain encrypted cloud backups every 24 hours.",High
"The system shall allow users to search products using category filters.",High
"The system shall generate project milestone reports every Monday.",High
"The system shall notify administrators when disk utilization exceeds 90 percent.",High
"The system shall support multi-factor authentication for administrator accounts.",High
"The system shall allow customers to cancel orders before shipment.",High
"The system shall validate inventory quantities before dispatch.",High
"The system shall generate purchase history reports for each customer.",High
"The system shall automatically assign support tickets to available agents.",High
"The system shall notify users before password expiration.",High
"The system shall maintain complete transaction history for seven years.",High
"The system shall securely delete temporary authentication tokens after logout.",High
"The system shall support role-based authorization for every module.",High
"The software should provide better performance.",Low
"The application should work faster.",Low
"The system should have enough security.",Low
"The software should support many users.",Low
"The application should provide good usability.",Low
"The system should process information quickly.",Low
"The software should generate reports faster.",Low
"The application should have better navigation.",Low
"The system should support enough storage.",Low
"The software should improve customer satisfaction.",Low
"The application should work properly under load.",Low
"The system should provide better authentication.",Low
"The software should support many transactions.",Low
"The application should provide suitable monitoring.",Low
"The system should work efficiently.",Low
"The software should support future growth.",Low
"The application should have enough documentation.",Low
"The system should provide quick access to information.",Low
"The software should support better recovery.",Low
"The application should provide flexible configuration.",Low
"The system should work smoothly on every browser.",Low
"The software should provide good scalability.",Low
"The application should support many departments.",Low
"The system should process requests efficiently.",Low
"The software should provide proper logging.",Low
"The application should support more administrators.",Low
"The system should improve reliability.",Low
"The software should provide enough resources.",Low
"The application should have appropriate validation.",Low
"The system should work correctly in all situations.",Low
"The software should support better communication.",Low
"The application should provide suitable backup.",Low
"The system should support different platforms.",Low
"The software should process transactions quickly.",Low
"The application should provide better accessibility.",Low
"The system should support future requirements.",Low
"The software should have good maintainability.",Low
"The application should support many file formats.",Low
"The system should provide proper synchronization.",Low
"The software should work correctly with databases.",Low
"The application should support enterprise requirements.",Low
"The system should provide enough functionality.",Low
"The software should improve flexibility.",Low
"The application should perform better during peak hours.",Low
"The system should support large organizations.",Low
"Thesoftware should provide suitable integration.",Low
"The application should provide better availability.",Low
"The system should have proper configuration.",Low
"The software should be easy for everyone.",Low
"The application should support future business needs.",Low
"The system shall automatically generate monthly customer loyalty reports.",High
"The system shall allow administrators to assign users to departments securely.",High
"The system shall validate customer email addresses before sending notifications.",High
"The system shall encrypt confidential files using AES-256 encryption.",High
"The system shall notify users immediately after successful password changes.",High
"The system shall support automatic backup every four hours.",High
"The system shall generate quarterly sales performance reports.",High
"The system shall allow employees to update personal profiles after authentication.",High
"The system shall verify uploaded PDF documents before storage.",High
"The system shall maintain detailed login history for every registered user.",High
"The system shall allow doctors to update electronic medical records securely.",High
"The system shall notify patients when laboratory reports become available.",High
"The system shall automatically calculate employee leave balances.",High
"The system shall generate yearly tax reports for finance managers.",High
"The system shall allow teachers to schedule online examinations.",High
"The system shall securely store examination papers before publication.",High
"The system shall validate supplier contracts before approval.",High
"The system shall notify warehouse managers when products expire within 30 days.",High
"The system shall automatically archive completed purchase requests.",High
"The system shall support concurrent access for up to 8000 authenticated users.",High
"The system shall allow managers to approve employee promotions.",High
"The system shall maintain average response time below 2 seconds.",High
"The system shall automatically recover user sessions after temporary network failures.",High
"The system shall allow customers to download warranty certificates in PDF format.",High
"The system shall verify digital signatures before document approval.",High
"The system shall generate monthly customer feedback reports.",High
"The system shall allow librarians to manage book reservations online.",High
"The system shall notify students about assignment deadlines via email.",High
"The system shall securely hash administrator passwords using bcrypt.",High
"The system shall allow administrators to monitor live server performance.",High
"The system shall validate uploaded profile photographs before saving.",High
"The system shall generate automatic payment confirmation receipts.",High
"The system shall support secure API communication through HTTPS.",High
"The system shall notify finance managers about failed bank transactions.",High
"The system shall allow employees to submit travel reimbursement requests.",High
"The system shall automatically synchronize branch databases every ten minutes.",High
"The system shall verify inventory quantities before dispatch.",High
"The system shall maintain encrypted cloud backups every 12 hours.",High
"The system shall allow customers to search products by brand and category.",High
"The system shall generate weekly employee attendance reports.",High
"The system shall notify administrators when CPU utilization exceeds 85 percent.",High
"The system shall support multi-factor authentication for privileged users.",High
"The system shall allow customers to modify orders before dispatch.",High
"The system shall validate purchase orders before supplier approval.",High
"The system shall generate invoice reports for each financial quarter.",High
"The system shall automatically assign customer support requests to available agents.",High
"The system shall notify users before subscription expiration.",High
"The system shall maintain complete audit trails for financial transactions.",High
"The system shall securely delete temporary cache files after logout.",High
"The system shall support role-based access control for every application module.",High
"The software should provide better reporting.",Low
"The application should work quickly.",Low
"The system should have enough storage.",Low
"The software should provide good performance.",Low
"The application should support many departments.",Low
"The system should process requests faster.",Low
"The software should improve security.",Low
"The application should provide better usability.",Low
"The system should support enough administrators.",Low
"The software should generate reports efficiently.",Low
"The application should have simple navigation.",Low
"The system should provide good reliability.",Low
"The software should support future expansion.",Low
"The application should work properly under heavy traffic.",Low
"The system should provide better recovery.",Low
"The software should support large organizations.",Low
"The application should process information correctly.",Low
"The system should have sufficient resources.",Low
"The software should support many customers.",Low
"The application should provide suitable monitoring.",Low
"The system should work smoothly.",Low
"The software should improve maintainability.",Low
"The application should provide quick access.",Low
"The system should support more file formats.",Low
"The software should provide proper authentication.",Low
"The application should support enterprise systems.",Low
"The system should provide enough scalability.",Low
"The software should work correctly everywhere.",Low
"The application should have appropriate documentation.",Low
"The system should support many users.",Low
"The software should provide flexible configuration.",Low
"The application should improve customer experience.",Low
"The system should support better synchronization.",Low
"The software should process transactions efficiently.",Low
"The application should provide good accessibility.",Low
"The system should support many business processes.",Low
"The software should work correctly with databases.",Low
"The application should provide suitable integration.",Low
"The system should improve communication.",Low
"The software should provide enough backup.",Low
"The application should support different browsers.",Low
"The system should perform better during peak hours.",Low
"The software should provide appropriate logging.",Low
"The application should support future business needs.",Low
"The system should have proper configuration.",Low
"The software should support different industries.",Low
"The application should be easy for everyone.",Low
"The system should provide better availability.",Low
"The software should support more transactions.",Low
"The application should be suitable for modern organizations.",Low
"The system shall automatically generate monthly customer account statements.",High
"The system shall allow administrators to create department-specific user roles.",High
"The system shall validate customer mobile numbers using OTP authentication.",High
"The system shall encrypt all confidential documents before cloud storage.",High
"The system shall notify users immediately after successful profile updates.",High
"The system shall support automatic database replication every five minutes.",High
"The system shall generate daily inventory availability reports.",High
"The system shall allow employees to submit attendance corrections online.",High
"The system shall verify uploaded image files before storage.",High
"The system shall maintain login history for the previous twelve months.",High
"The system shall allow doctors to prescribe medicines electronically.",High
"The system shall notify patients one day before scheduled appointments.",High
"The system shall automatically calculate monthly employee incentives.",High
"The system shall generate annual tax deduction reports.",High
"The system shall allow teachers to publish examination results online.",High
"The system shall securely store student academic records.",High
"The system shall validate purchase invoices before payment processing.",High
"The system shall notify warehouse staff when stock reaches minimum quantity.",High
"The system shall automatically archive completed invoices after one year.",High
"The system shall support concurrent access for up to 10000 authenticated users.",High
"The system shall allow managers to approve overtime requests electronically.",High
"The system shall maintain average API response time below 1.5 seconds.",High
"The system shall automatically recover pending transactions after server recovery.",High
"The system shall allow customers to download warranty invoices in PDF format.",High
"The system shall verify supplier GST numbers before registration.",High
"The system shall generate weekly customer complaint reports.",High
"The system shall allow librarians to issue digital library cards.",High
"The system shall notify students when new study material is uploaded.",High
"The system shall securely hash all administrator passwords using bcrypt.",High
"The system shall allow administrators to monitor network traffic in real time.",High
"The system shall validate uploaded resumes before recruitment processing.",High
"The system shall generate automatic payment receipts after successful transactions.",High
"The system shall support secure REST API communication using OAuth 2.0.",High
"The system shall notify finance managers when payment processing fails.",High
"The system shall allow employees to apply for leave through the web portal.",High
"The system shall automatically synchronize customer records across regional offices.",High
"The system shall verify inventory stock before shipment confirmation.",High
"The system shall maintain encrypted backups on remote cloud servers.",High
"The system shall allow customers to search products by brand, category and price.",High
"The system shall generate weekly employee productivity reports.",High
"The system shall notify administrators when storage usage exceeds 90 percent.",High
"The system shall support biometric authentication for administrator login.",High
"The system shall allow customers to modify delivery addresses before dispatch.",High
"The system shall validate sales orders before invoice generation.",High
"The system shall generate quarterly profit analysis reports.",High
"The system shall automatically assign customer complaints to available support executives.",High
"The system shall notify users before account expiration.",High
"The system shall maintain complete audit logs for administrative actions.",High
"The system shall securely delete temporary uploaded files after processing.",High
"The system shall support role-based authorization across all application modules.",High
"The software should provide better reliability.",Low
"The application should work faster for customers.",Low
"The system should have enough backup.",Low
"The software should support many departments.",Low
"The application should provide good security.",Low
"The system should process requests efficiently.",Low
"The software should generate reports quickly.",Low
"The application should support future expansion.",Low
"The system should work properly during heavy traffic.",Low
"The software should provide flexible configuration.",Low
"The application should support enough storage.",Low
"The system should improve customer satisfaction.",Low
"The software should support better authentication.",Low
"The application should provide simple user interfaces.",Low
"The system should have proper monitoring.",Low
"Thesoftware should work smoothly.",Low
"The application should support many business processes.",Low
"The system should provide good accessibility.",Low
"The software should support large organizations.",Low
"The application should improve overall performance.",Low
"The system should provide enough scalability.",Low
"The software should support many users.",Low
"The application should process data faster.",Low
"The system should provide suitable synchronization.",Low
"The software should have appropriate documentation.",Low
"The application should support enterprise requirements.",Low
"The system should provide better communication.",Low
"The software should support more file formats.",Low
"The application should provide enough functionality.",Low
"The system should work correctly on all devices.",Low
"The software should support future requirements.",Low
"The application should provide suitable integration.",Low
"The system should improve maintainability.",Low
"The software should process transactions quickly.",Low
"The application should support different browsers.",Low
"The system should provide better reporting.",Low
"The software should support different industries.",Low
"The application should work correctly everywhere.",Low
"The system should provide enough resources.",Low
"The software should support many customers.",Low
"The application should provide good availability.",Low
"The system should have proper configuration.",Low
"The software should improve flexibility.",Low
"The application should support more administrators.",Low
"The system should perform better during busy hours.",Low
"The software should provide appropriate logging.",Low
"The application should support future business needs.",Low
"The system should be easy to learn.",Low
"The software should provide better recovery.",Low
"The application should be suitable for enterprise organizations.",Low
"The system shall automatically generate monthly employee attendance reports.",High
"The system shall allow administrators to assign project roles securely.",High
"The system shall validate customer email addresses before newsletter subscription.",High
"The system shall encrypt database backups using AES-256 encryption.",High
"The system shall notify customers immediately after order confirmation.",High
"The system shall support automatic synchronization between cloud and local databases.",High
"The system shall generate daily sales summary reports.",High
"The system shall allow employees to submit reimbursement requests online.",High
"The system shall verify uploaded PDF invoices before approval.",High
"The system shall maintain login history for all registered users.",High
"The system shall allow doctors to update patient prescriptions securely.",High
"The system shall notify patients when laboratory reports are ready.",High
"The system shall automatically calculate employee performance scores every month.",High
"The system shall generate annual financial audit reports.",High
"The system shall allow teachers to publish assignment grades online.",High
"The system shall securely store confidential examination records.",High
"The system shall validate supplier purchase orders before approval.",High
"The system shall notify warehouse staff when products fall below reorder quantity.",High
"The system shall automatically archive completed service requests after one year.",High
"The system shall support concurrent access for up to 12000 authenticated users.",High
"The system shall allow managers to approve employee leave requests electronically.",High
"The system shall maintain average dashboard loading time below two seconds.",High
"The system shall automatically recover interrupted payment transactions.",High
"The system shall allow customers to download tax invoices in PDF format.",High
"The system shall verify supplier bank account details before payment processing.",High
"The system shall generate weekly customer satisfaction reports.",High
"The system shall allow librarians to renew borrowed books online.",High
"The system shall notify students about class schedule changes immediately.",High
"The system shall securely hash user passwords using bcrypt before storage.",High
"The system shall allow administrators to monitor application logs in real time.",High
"The system shall validate uploaded employee documents before storage.",High
"The system shall generate automatic purchase confirmation emails.",High
"The system shall support secure API communication using OAuth 2.0 authentication.",High
"The system shall notify finance managers when payment reconciliation fails.",High
"The system shall allow employees to update tax declaration details securely.",High
"The system shall automatically synchronize inventory records across warehouses.",High
"The system shall verify stock availability before order confirmation.",High
"The system shall maintain encrypted disaster recovery backups every 24 hours.",High
"The system shall allow customers to search products using price, category and rating filters.",High
"The system shall generate weekly department performance reports.",High
"The system shall notify administrators when network latency exceeds predefined limits.",High
"The system shall support biometric authentication for employee attendance.",High
"The system shall allow customers to cancel subscriptions before renewal.",High
"The system shall validate customer addresses before shipment dispatch.",High
"The system shall generate quarterly business intelligence reports.",High
"The system shall automatically assign support tickets based on department workload.",High
"The system shall notify users before password expiration through email.",High
"The system shall maintain complete audit records for financial operations.",High
"The system shall securely delete temporary uploaded files after successful processing.",High
"The system shall support role-based access control across all functional modules.",High
"The software should provide better security.",Low
"The application should work faster.",Low
"The system should have enough storage.",Low
"The software should support many users.",Low
"The application should provide good usability.",Low
"The system should process requests quickly.",Low
"The software should generate reports efficiently.",Low
"The application should support more departments.",Low
"The system should work properly in all situations.",Low
"The software should provide flexible settings.",Low
"The application should support future enhancements.",Low
"The system should improve customer experience.",Low
"The software should support enough administrators.",Low
"The application should provide simple navigation.",Low
"The system should have proper monitoring.",Low
"The software should work smoothly with databases.",Low
"The application should support many business processes.",Low
"The system should provide better authentication.",Low
"Thesoftware should have enough resources.",Low
"The application should support enterprise organizations.",Low
"The system should provide better communication.",Low
"The software should improve reliability.",Low
"The application should support many file formats.",Low
"The system should provide suitable backup.",Low
"The software should process data efficiently.",Low
"The application should support large organizations.",Low
"The system should provide enough functionality.",Low
"The software should support future requirements.",Low
"The application should work correctly on every platform.",Low
"The system should provide better reporting.",Low
"The software should improve maintainability.",Low
"The application should support different browsers.",Low
"The system should have appropriate documentation.",Low
"The software should provide suitable synchronization.",Low
"The application should support many customers.",Low
"The system should work efficiently.",Low
"The software should provide better availability.",Low
"The application should support future business needs.",Low
"The system should perform better during peak hours.",Low
"The software should support different industries.",Low
"The application should provide appropriate logging.",Low
"The system should have proper configuration.",Low
"The software should support suitable integration.",Low
"The application should provide enough scalability.",Low
"The system should work correctly everywhere.",Low
"The software should provide better flexibility.",Low
"The application should be easy for beginners.",Low
"The system should support many transactions.",Low
"The software should provide quick notifications.",Low
"The application should be suitable for modern enterprise systems.",Low
"The system shall automatically generate weekly project progress reports.",High
"The system shall allow administrators to create and manage user groups securely.",High
"The system shall validate customer identity before updating account information.",High
"The system shall encrypt all payment records using AES-256 before storage.",High
"The system shall notify customers immediately after successful order cancellation.",High
"The system shall support automatic synchronization of branch databases every five minutes.",High
"The system shall generate monthly inventory valuation reports.",High
"The system shall allow employees to submit online timesheets.",High
"The system shall verify uploaded documents for malware before processing.",High
"The system shall maintain login history for all administrator accounts.",High
"The system shall allow doctors to schedule patient follow-up appointments.",High
"The system shall notify patients when prescriptions are ready for collection.",High
"The system shall automatically calculate employee bonuses based on performance.",High
"The system shall generate annual employee appraisal reports.",High
"The system shall allow teachers to upload course materials in PDF format.",High
"The system shall securely store student attendance records.",High
"The system shall validate purchase requisitions before manager approval.",High
"The system shall notify warehouse supervisors about damaged inventory.",High
"The system shall automatically archive completed procurement records after one year.",High
"The system shall support concurrent access for up to 15000 authenticated users.",High
"The system shall allow managers to approve travel requests electronically.",High
"The system shall maintain average search response time below two seconds.",High
"The system shall automatically recover failed transactions after network restoration.",High
"The system shall allow customers to download digital receipts in PDF format.",High
"The system shall verify supplier tax details before registration.",High
"The system shall generate weekly customer complaint analysis reports.",High
"The system shall allow librarians to issue digital membership cards.",High
"The system shall notify students about examination hall allocations.",High
"The system shall securely hash administrator passwords before database storage.",High
"The system shall allow administrators to monitor server performance dashboards.",High
"The system shall validate uploaded profile documents before approval.",High
"The system shall generate automatic order dispatch notifications.",High
"The system shall support secure communication using HTTPS and TLS 1.3.",High
"The system shall notify finance administrators when payment settlements fail.",High
"The system shall allow employees to update bank account details securely.",High
"The system shall automatically synchronize warehouse inventory every ten minutes.",High
"The system shall verify product availability before confirming customer orders.",High
"The system shall maintain encrypted disaster recovery backups every twelve hours.",High
"The system shall allow customers to search products using multiple filters.",High
"The system shall generate monthly department performance reports.",High
"The system shall notify administrators when CPU utilization exceeds 80 percent.",High
"The system shall support biometric authentication for secure administrator login.",High
"The system shall allow customers to reschedule appointments online.",High
"The system shall validate shipping addresses before dispatch.",High
"The system shall generate quarterly sales comparison reports.",High
"The system shall automatically assign incidents to available support engineers.",High
"The system shall notify users seven days before account expiration.",High
"The system shall maintain complete audit trails for user activities.",High
"The system shall securely delete temporary uploaded documents after processing.",High
"The system shall support role-based authorization for every application feature.",High
"The software should provide better functionality.",Low
"The application should work faster during normal usage.",Low
"The system should have enough security mechanisms.",Low
"The software should support many departments.",Low
"The application should provide good reporting.",Low
"The system should process requests efficiently.",Low
"The software should improve customer satisfaction.",Low
"The application should support enough storage.",Low
"The system should work correctly under heavy load.",Low
"The software should provide flexible configuration.",Low
"The application should support many users.",Low
"The system should have proper backup.",Low
"The software should provide suitable monitoring.",Low
"The application should support future growth.",Low
"The system should provide better authentication.",Low
"The software should work smoothly on all platforms.",Low
"The application should support different industries.",Low
"The system should improve maintainability.",Low
"The software should provide enough scalability.",Low
"The application should generate reports quickly.",Low
"The system should support many transactions.",Low
"The software should provide proper synchronization.",Low
"The application should support enterprise organizations.",Low
"The system should provide enough functionality.",Low
"The software should work correctly everywhere.",Low
"The application should provide better accessibility.",Low
"The system should support more customers.",Low
"The software should improve communication.",Low
"The application should support different browsers.",Low
"The system should provide quick notifications.",Low
"The software should have appropriate documentation.",Low
"The application should support future requirements.",Low
"The system should process information quickly.",Low
"The software should provide better availability.",Low
"The application should support suitable integration.",Low
"The system should perform better during busy hours.",Low
"The software should support many administrators.",Low
"The application should provide enough resources.",Low
"The system should work efficiently.",Low
"The software should provide good usability.",Low
"The application should support more business processes.",Low
"The system should provide appropriate logging.",Low
"The software should improve flexibility.",Low
"The application should have simple navigation.",Low
"The system should support different operating systems.",Low
"The software should provide better recovery.",Low
"The application should be easy to understand.",Low
"The system should provide enough documentation.",Low
"The software should support future enhancements.",Low
"The application should be suitable for enterprise environments.",Low
"The system shall automatically generate monthly customer payment reports.",High
"The system shall allow administrators to assign access permissions to departments.",High
"The system shall validate customer email addresses before account activation.",High
"The system shall encrypt confidential database records using AES-256 encryption.",High
"The system shall notify users immediately after successful password reset.",High
"The system shall support automatic failover to the backup server within 30 seconds.",High
"The system shall generate weekly inventory shortage reports.",High
"The system shall allow employees to submit attendance corrections electronically.",High
"The system shall verify uploaded PDF files before processing.",High
"The system shall maintain audit logs for every administrative action.",High
"The system shall allow doctors to prescribe medication through the application.",High
"The system shall notify patients when appointment requests are approved.",High
"The system shall automatically calculate employee overtime wages every month.",High
"The system shall generate yearly income tax reports.",High
"The system shall allow teachers to upload examination question papers securely.",High
"The system shall securely store student examination records.",High
"The system shall validate supplier quotations before approval.",High
"The system shall notify warehouse managers when inventory expires within 15 days.",High
"The system shall automatically archive completed procurement records.",High
"The system shall support concurrent access for up to 18000 authenticated users.",High
"The system shall allow managers to approve budget requests online.",High
"The system shall maintain average page loading time below two seconds.",High
"The system shall automatically recover interrupted database operations after restart.",High
"The system shall allow customers to download warranty certificates in PDF format.",High
"The system shall verify supplier bank account information before payment.",High
"The system shall generate weekly customer satisfaction analysis reports.",High
"The system shall allow librarians to reserve books for registered members.",High
"The system shall notify students when examination results are published.",High
"The system shall securely hash passwords using bcrypt before database storage.",High
"The system shall allow administrators to monitor application health in real time.",High
"The system shall validate uploaded employee certificates before storage.",High
"The system shall generate automatic shipment confirmation emails.",High
"The system shall support secure communication using HTTPS and TLS encryption.",High
"The system shall notify finance staff when payment verification fails.",High
"The system shall allow employees to update emergency contact details.",High
"The system shall automatically synchronize product inventory across all warehouses.",High
"The system shall verify product availability before invoice generation.",High
"The system shall maintain encrypted backup copies in geographically separate locations.",High
"The system shall allow customers to search products using barcode, category and brand.",High
"The system shall generate monthly departmental KPI reports.",High
"The system shall notify administrators when server memory usage exceeds 85 percent.",High
"The system shall support biometric authentication for employee login.",High
"The system shall allow customers to modify scheduled appointments before confirmation.",High
"The system shall validate shipment tracking numbers before dispatch.",High
"The system shall generate quarterly operational performance reports.",High
"The system shall automatically assign customer service requests based on workload.",High
"The system shall notify users before account deactivation.",High
"The system shall maintain complete audit records for user activities.",High
"The system shall securely delete temporary files after successful upload.",High
"The system shall support role-based authorization for all application modules.",High
"The software should provide better security.",Low
"The application should work faster for everyone.",Low
"The system should have enough storage capacity.",Low
"The software should support many customers.",Low
"The application should provide good performance.",Low
"The system should process requests quickly.",Low
"The software should generate reports faster.",Low
"The application should support future expansion.",Low
"The system should work properly under heavy traffic.",Low
"The software should provide better usability.",Low
"The application should support enough administrators.",Low
"The system should improve customer satisfaction.",Low
"The software should provide flexible configuration.",Low
"The application should support many file types.",Low
"The system should provide better monitoring.",Low
"The software should work smoothly.",Low
"The application should support enterprise businesses.",Low
"The system should provide enough scalability.",Low
"The software should support different industries.",Low
"The application should process information efficiently.",Low
"The system should support many transactions.",Low
"The software should provide better availability.",Low
"The application should support different browsers.",Low
"The system should improve communication.",Low
"The software should have appropriate documentation.",Low
"The application should provide suitable integration.",Low
"The system should provide quick notifications.",Low
"The software should support future requirements.",Low
"The application should provide enough functionality.",Low
"The system should work correctly everywhere.",Low
"The software should improve maintainability.",Low
"The application should support many users.",Low
"The system should have proper backup.",Low
"The software should provide suitable synchronization.",Low
"The application should work efficiently.",Low
"The system should support more business processes.",Low
"The software should provide better accessibility.",Low
"The application should support different operating systems.",Low
"The system should have enough resources.",Low
"The software should provide good reliability.",Low
"The application should support more departments.",Low
"The system should perform better during peak hours.",Low
"The software should provide better reporting.",Low
"The application should have simple navigation.",Low
"The system should support many products.",Low
"The software should provide proper authentication.",Low
"The application should be easy for users.",Low
"The system should support future improvements.",Low
"Thesoftware should provide better flexibility.",Low
"The application should be suitable for large organizations.",Low


